{
    "wer": 1.1212397813796997,
    "rouge1_fmeasure": 24.513917922973633,
    "rouge1_precision": 25.71488380432129,
    "rouge1_recall": 24.70018768310547,
    "rouge2_fmeasure": 3.3294215202331543,
    "rouge2_precision": 3.510629415512085,
    "rouge2_recall": 3.269266366958618,
    "rougeL_fmeasure": 21.123512268066406,
    "rougeL_precision": 22.24384117126465,
    "rougeL_recall": 20.983478546142578,
    "rougeLsum_fmeasure": 21.347501754760742,
    "rougeLsum_precision": 22.459218978881836,
    "rougeLsum_recall": 21.378812789916992,
    "bleu-1": 0.16736401617527008,
    "bleu-2": 0.05399768054485321,
    "bleu-3": 0.019953913986682892,
    "bleu-4": 0.0
}