{
    "wer": 1.9799453020095825,
    "rouge1_fmeasure": 7.998829364776611,
    "rouge1_precision": 5.639987945556641,
    "rouge1_recall": 15.465998649597168,
    "rouge2_fmeasure": 0.04948045313358307,
    "rouge2_precision": 0.03431708738207817,
    "rouge2_recall": 0.08865248411893845,
    "rougeL_fmeasure": 5.9422807693481445,
    "rougeL_precision": 4.154003620147705,
    "rougeL_recall": 11.7291259765625,
    "rougeLsum_fmeasure": 7.286956787109375,
    "rougeLsum_precision": 5.099629878997803,
    "rougeLsum_recall": 14.326183319091797,
    "bleu-1": 0.03757356479763985,
    "bleu-2": 0.004168822895735502,
    "bleu-3": 0.0,
    "bleu-4": 0.0
}