{
    "wer": 0.8988149762153625,
    "rouge1_fmeasure": 28.09937858581543,
    "rouge1_precision": 28.78321647644043,
    "rouge1_recall": 27.80389404296875,
    "rouge2_fmeasure": 5.091153621673584,
    "rouge2_precision": 5.182150840759277,
    "rouge2_recall": 5.084047317504883,
    "rougeL_fmeasure": 23.55120849609375,
    "rougeL_precision": 24.13553237915039,
    "rougeL_recall": 23.257293701171875,
    "rougeLsum_fmeasure": 24.05869483947754,
    "rougeLsum_precision": 24.659847259521484,
    "rougeLsum_recall": 23.78695297241211,
    "bleu-1": 0.22288386523723602,
    "bleu-2": 0.09668602049350739,
    "bleu-3": 0.04540117457509041,
    "bleu-4": 0.02107510343194008
}